unemployment_rate,year,month,region,mean_temperature,min_temperature,precipitation(mm),heating_season,summer_break,people_assisted,meals_provided,prev_month_people
8.3,2021,2,Berkshire,-4.396428571428571,-8.660714285714286,72.2,1,0,13655,162886,13605.0
7.7,2021,3,Berkshire,1.896774193548387,-4.196774193548387,58.9,1,0,15895,184962,13655.0
6.8,2021,4,Berkshire,7.653333333333333,2.02,134.1,0,0,13783,188075,15895.0
6.2,2021,5,Berkshire,12.864516129032259,7.687096774193549,117.8,0,0,13773,181544,13783.0
6.6,2021,6,Berkshire,19.976666666666667,14.9,63.2,0,1,19785,161458,13773.0
6.0,2021,7,Berkshire,19.716129032258067,16.18064516129032,250.20000000000002,0,1,14003,167488,19785.0
5.6,2021,8,Berkshire,21.448387096774194,17.661290322580644,140.3,0,1,14053,193528,14003.0
5.0,2021,9,Berkshire,16.926666666666666,13.21,187.8,0,0,15243,174262,14053.0
4.7,2021,10,Berkshire,12.293548387096775,8.596774193548388,131.9,0,0,14188,159360,15243.0
4.2,2021,11,Berkshire,3.1533333333333338,-0.8933333333333333,68.6,1,0,15001,194679,14188.0
4.4,2021,12,Berkshire,1.1290322580645162,-2.261290322580645,92.5,1,0,15067,129729,15001.0
5.3,2022,1,Berkshire,-7.483870967741935,-13.14516129032258,79.7,1,0,13590,141819,15067.0
5.2,2022,2,Berkshire,-3.167857142857143,-9.567857142857141,117.3,1,0,13583,155272,13590.0
4.7,2022,3,Berkshire,1.8419354838709678,-4.04516129032258,100.7,1,0,15804,184402,13583.0
3.9,2022,4,Berkshire,6.616666666666666,1.7533333333333334,132.0,0,0,16745,179212,15804.0
4.0,2022,5,Berkshire,15.570967741935483,9.8,60.5,0,0,17608,167782,16745.0
4.1,2022,6,Berkshire,17.996666666666666,12.923333333333334,81.5,0,1,18700,141766,17608.0
4.0,2022,7,Berkshire,21.9741935483871,17.006451612903227,70.7,0,1,17883,157999,18700.0
4.1,2022,8,Berkshire,21.76774193548387,17.151612903225807,63.8,0,1,20383,176527,17883.0
3.6,2022,9,Berkshire,15.773333333333333,11.870000000000001,178.6,0,0,19230,149941,20383.0
3.7,2022,10,Berkshire,10.580645161290322,6.270967741935484,110.4,0,0,18985,154498,19230.0
3.9,2022,11,Berkshire,5.693333333333333,1.8966666666666667,80.1,1,0,20051,189513,18985.0
4.2,2022,12,Berkshire,-1.432258064516129,-6.006451612903225,137.2,1,0,18261,129888,20051.0
4.8,2023,1,Berkshire,0.0645161290322581,-3.3806451612903223,124.5,1,0,19121,170796,18261.0
4.9,2023,2,Berkshire,-1.0392857142857141,-6.207142857142857,60.3,1,0,18335,144220,19121.0
4.3,2023,3,Berkshire,0.8290322580645161,-3.8806451612903223,128.3,1,0,20806,152452,18335.0
3.1,2023,4,Berkshire,9.21,3.9433333333333334,105.9,0,0,21086,170177,20806.0
3.4,2023,5,Berkshire,13.025806451612903,6.880645161290323,52.6,0,0,21611,197335,21086.0
3.6,2023,6,Berkshire,17.25,12.5,108.0,0,1,20347,179231,21611.0
3.5,2023,7,Berkshire,21.519354838709678,17.283870967741933,216.1,0,1,19512,158405,20347.0
3.5,2023,8,Berkshire,19.01290322580645,14.970967741935485,138.3,0,1,23127,213560,19512.0
3.2,2023,9,Berkshire,16.573333333333334,12.883333333333333,218.2,0,0,21305,136789,23127.0
3.3,2023,10,Berkshire,11.687096774193549,7.512903225806451,113.3,0,0,24529,213529,21305.0
3.3,2023,11,Berkshire,2.4433333333333334,-1.3333333333333333,45.9,1,0,25132,213962,24529.0
3.8,2023,12,Berkshire,1.8935483870967742,-1.3096774193548388,150.5,1,0,22040,182755,25132.0
4.5,2024,1,Berkshire,-2.935483870967742,-6.354838709677419,150.4,1,0,23003,217525,22040.0
4.7,2024,2,Berkshire,-0.8655172413793103,-5.36551724137931,32.9,1,0,24473,225905,23003.0
4.4,2024,3,Berkshire,2.990322580645161,-1.6193548387096774,193.0,1,0,25416,219524,24473.0
3.6,2024,4,Berkshire,7.42,2.4833333333333334,97.4,0,0,24568,255864,25416.0
3.9,2024,5,Berkshire,15.290322580645162,10.274193548387096,97.8,0,0,26120,217061,24568.0
4.1,2024,6,Berkshire,20.040000000000003,14.51,111.6,0,1,24894,206939,26120.0
4.2,2024,7,Berkshire,22.529032258064515,17.98709677419355,87.2,0,1,25700,231016,24894.0
4.0,2024,8,Berkshire,19.416129032258063,15.23225806451613,127.9,0,1,24997,213798,25700.0
3.4,2024,9,Berkshire,16.603333333333335,11.770000000000001,38.6,0,0,25186,208809,24997.0
3.6,2024,10,Berkshire,10.738709677419354,6.216129032258064,55.4,0,0,27454,239066,25186.0
3.8,2024,11,Berkshire,5.183333333333334,1.6333333333333333,82.39999999999999,1,0,25561,225309,27454.0
4.0,2024,12,Berkshire,-2.5935483870967744,-6.503225806451613,94.60000000000001,1,0,24067,184364,25561.0
4.7,2025,1,Berkshire,-6.770967741935484,-10.435483870967742,55.8,1,0,25203,241693,24067.0
5.0,2025,2,Berkshire,-5.207142857142857,-9.914285714285715,75.7,1,0,24375,217059,25203.0
4.8,2025,3,Berkshire,2.9516129032258065,-2.448387096774194,82.39999999999999,1,0,25489,206729,24375.0
4.1,2025,4,Berkshire,7.63,2.7633333333333336,103.3,0,0,26869,239706,25489.0
4.2,2025,5,Berkshire,13.212903225806452,9.254838709677419,238.1,0,0,25486,212099,26869.0
4.1,2025,6,Berkshire,19.009999999999998,14.67,104.7,0,1,23580,203245,25486.0
4.1,2025,7,Berkshire,22.125806451612902,17.83225806451613,128.0,0,1,24770,208839,23580.0
4.0,2025,8,Berkshire,19.154838709677417,14.496774193548386,36.9,0,1,23890,212509,24770.0
4.0,2025,9,Berkshire,16.98,12.06,70.7,0,0,24649,216032,23890.0
4.7,2025,11,Berkshire,2.896666666666667,-0.3766666666666667,75.5,1,0,24202,187596,24649.0
4.9,2025,12,Berkshire,-4.554838709677419,-9.425806451612903,89.3,1,0,19944,197966,24202.0
5.6,2026,1,Berkshire,-6.819354838709677,-11.09032258064516,79.3,1,0,19333,176191,19944.0
5.6,2026,2,Berkshire,-6.060714285714286,-10.910714285714286,42.0,1,0,20112,187417,19333.0
5.0,2026,3,Berkshire,2.6516129032258067,-2.4419354838709677,119.3,1,0,20600,197926,20112.0
4.4,2026,4,Berkshire,12.3,5.9,3.8,0,0,22024,209719,20600.0
6.9,2021,2,Franklin,-3.8535714285714286,-8.810714285714285,76.0,1,0,9217,85817,9082.0
6.3,2021,3,Franklin,2.4645161290322584,-3.825806451612903,65.3,1,0,11027,88987,9217.0
5.4,2021,4,Franklin,8.393333333333334,2.4266666666666667,146.4,0,0,8965,81525,11027.0
5.2,2021,5,Franklin,14.0,8.03225806451613,99.2,0,0,10207,75893,8965.0
5.6,2021,6,Franklin,21.25,14.926666666666668,63.300000000000004,0,1,11112,71216,10207.0
5.4,2021,7,Franklin,20.280645161290323,16.348387096774193,250.4,0,1,9294,72487,11112.0
5.0,2021,8,Franklin,22.225806451612904,17.62258064516129,199.8,0,1,8010,69515,9294.0
4.2,2021,9,Franklin,17.36,12.91,169.9,0,0,8996,82345,8010.0
4.0,2021,10,Franklin,12.806451612903226,8.838709677419354,152.9,0,0,8644,85524,8996.0
3.6,2021,11,Franklin,3.716666666666667,-0.7833333333333333,52.2,1,0,7818,104304,8644.0
3.6,2021,12,Franklin,1.396774193548387,-2.238709677419355,97.7,1,0,8286,81196,7818.0
4.7,2022,1,Franklin,-6.183870967741935,-11.996774193548386,67.7,1,0,8745,94320,8286.0
4.4,2022,2,Franklin,-2.039285714285714,-8.010714285714286,113.3,1,0,7790,80027,8745.0
3.9,2022,3,Franklin,2.3419354838709676,-4.103225806451613,103.5,1,0,8467,89381,7790.0
3.3,2022,4,Franklin,7.55,2.106666666666667,122.7,0,0,9260,107106,8467.0
3.4,2022,5,Franklin,16.335483870967742,9.648387096774194,64.6,0,0,9260,89208,9260.0
3.7,2022,6,Franklin,19.153333333333332,12.843333333333334,65.7,0,1,9623,92654,9260.0
3.8,2022,7,Franklin,23.62258064516129,17.116129032258065,41.1,0,1,10545,100902,9623.0
3.8,2022,8,Franklin,23.10967741935484,17.106451612903225,65.1,0,1,10519,107322,10545.0
3.2,2022,9,Franklin,16.220000000000002,11.483333333333333,183.79999999999998,0,0,9579,88435,10519.0
3.3,2022,10,Franklin,10.419354838709678,5.267741935483872,90.3,0,0,8222,109373,9579.0
3.0,2022,11,Franklin,6.203333333333333,1.7433333333333334,109.0,1,0,9213,112493,8222.0
3.3,2022,12,Franklin,-0.4838709677419355,-4.77741935483871,125.7,1,0,9380,75591,9213.0
4.0,2023,1,Franklin,0.2709677419354839,-3.603225806451613,157.3,1,0,8667,95994,9380.0
4.1,2023,2,Franklin,-0.8035714285714286,-6.360714285714286,57.1,1,0,8515,76727,8667.0
3.6,2023,3,Franklin,1.6516129032258065,-3.4,114.5,1,0,8457,97527,8515.0
2.7,2023,4,Franklin,9.446666666666665,3.493333333333333,115.7,0,0,9778,97023,8457.0
2.9,2023,5,Franklin,13.906451612903227,7.02258064516129,55.7,0,0,9665,95042,9778.0
3.2,2023,6,Franklin,17.91,12.603333333333333,124.7,0,1,10358,101029,9665.0
3.3,2023,7,Franklin,21.906451612903226,17.048387096774192,248.2,0,1,9769,115942,10358.0
3.2,2023,8,Franklin,19.73548387096774,15.14516129032258,164.5,0,1,12055,107557,9769.0
2.7,2023,9,Franklin,17.31,13.04,198.1,0,0,12293,106033,12055.0
2.9,2023,10,Franklin,12.087096774193547,7.380645161290323,102.9,0,0,11812,102859,12293.0
2.9,2023,11,Franklin,2.6533333333333333,-1.8666666666666667,71.6,1,0,12056,118526,11812.0
3.3,2023,12,Franklin,2.1774193548387095,-1.3096774193548388,174.6,1,0,11265,101198,12056.0
3.9,2024,1,Franklin,-2.3451612903225807,-5.95483870967742,170.9,1,0,11908,122720,11265.0
4.0,2024,2,Franklin,-0.23448275862068968,-4.872413793103449,24.5,1,0,12534,113661,11908.0
3.7,2024,3,Franklin,3.629032258064516,-0.9193548387096774,199.9,1,0,12034,99836,12534.0
3.1,2024,4,Franklin,7.9,2.246666666666667,116.7,0,0,13177,108655,12034.0
3.4,2024,5,Franklin,15.66451612903226,9.941935483870967,94.2,0,0,12745,123736,13177.0
3.7,2024,6,Franklin,20.826666666666664,14.783333333333333,112.7,0,1,12115,94207,12745.0
4.1,2024,7,Franklin,23.238709677419354,17.825806451612905,90.7,0,1,12247,113353,12115.0
3.8,2024,8,Franklin,20.106451612903225,15.3,169.5,0,1,14190,115040,12247.0
3.1,2024,9,Franklin,16.7,11.083333333333334,40.9,0,0,13196,103297,14190.0
3.3,2024,10,Franklin,10.874193548387098,5.645161290322581,36.4,0,0,14861,125517,13196.0
3.3,2024,11,Franklin,5.763333333333334,1.2166666666666666,70.9,1,0,14179,118390,14861.0
3.6,2024,12,Franklin,-2.364516129032258,-6.448387096774193,108.3,1,0,13456,98582,14179.0
4.3,2025,1,Franklin,-5.33225806451613,-9.67741935483871,52.8,1,0,11334,115907,13456.0
4.5,2025,2,Franklin,-4.607142857142857,-10.471428571428572,102.89999999999999,1,0,11252,107345,11334.0
4.2,2025,3,Franklin,3.0548387096774197,-2.796774193548387,98.0,1,0,12319,118322,11252.0
3.6,2025,4,Franklin,8.66,2.8433333333333333,110.1,0,0,11676,110811,12319.0
4.0,2025,5,Franklin,13.787096774193548,9.077419354838709,247.1,0,0,12013,106653,11676.0
4.1,2025,6,Franklin,19.626666666666665,14.433333333333334,84.2,0,1,11584,96879,12013.0
4.3,2025,7,Franklin,22.97741935483871,17.47741935483871,104.2,0,1,11453,106327,11584.0
4.1,2025,8,Franklin,19.741935483870968,13.73225806451613,63.3,0,1,12248,98537,11453.0
3.7,2025,9,Franklin,17.12,11.143333333333334,77.2,0,0,12116,88132,12248.0
4.2,2025,11,Franklin,3.566666666666667,-0.46,77.3,1,0,14137,98742,12116.0
4.4,2025,12,Franklin,-3.835483870967742,-8.606451612903227,82.6,1,0,11537,86344,14137.0
5.2,2026,1,Franklin,-6.158064516129032,-11.103225806451613,67.3,1,0,10654,88127,11537.0
5.2,2026,2,Franklin,-5.392857142857143,-11.1,38.7,1,0,10769,86975,10654.0
4.6,2026,3,Franklin,2.4387096774193546,-3.638709677419355,124.8,1,0,12121,97739,10769.0
4.0,2026,4,Franklin,13.1,6.2,3.4,0,0,10217,102482,12121.0
8.6,2021,2,Hampden,-2.6107142857142853,-7.496428571428572,89.1,1,0,8107,103720,8453.0
8.0,2021,3,Hampden,3.838709677419355,-1.867741935483871,83.7,1,0,9523,141040,8107.0
7.3,2021,4,Hampden,9.143333333333334,3.4,120.8,0,0,9247,121683,9523.0
7.1,2021,5,Hampden,14.625806451612902,8.864516129032259,138.1,0,0,8744,130259,9247.0
7.7,2021,6,Hampden,21.886666666666667,16.1,68.0,0,1,8352,109624,8744.0
7.4,2021,7,Hampden,21.567741935483873,17.816129032258065,225.9,0,1,8284,106721,8352.0
6.8,2021,8,Hampden,23.299999999999997,19.041935483870965,129.0,0,1,8949,133084,8284.0
5.8,2021,9,Hampden,18.663333333333334,14.376666666666667,212.3,0,0,8575,121289,8949.0
5.3,2021,10,Hampden,13.970967741935485,10.112903225806452,113.6,0,0,9472,135603,8575.0
4.8,2021,11,Hampden,5.003333333333333,0.84,52.4,1,0,10320,139634,9472.0
4.8,2021,12,Hampden,2.7806451612903227,-0.8645161290322579,70.7,1,0,8825,114784,10320.0
5.8,2022,1,Hampden,-4.219354838709677,-9.067741935483872,78.8,1,0,8987,117057,8825.0
5.5,2022,2,Hampden,-0.5178571428571429,-6.214285714285714,113.2,1,0,9209,120370,8987.0
4.9,2022,3,Hampden,3.9064516129032256,-2.0161290322580645,98.3,1,0,11286,133111,9209.0
4.3,2022,4,Hampden,8.743333333333334,3.3633333333333337,112.0,0,0,10989,145475,11286.0
4.5,2022,5,Hampden,16.741935483870968,10.929032258064517,49.6,0,0,11226,123823,10989.0
4.9,2022,6,Hampden,20.029999999999998,14.06,106.7,0,1,11226,110966,11226.0
5.2,2022,7,Hampden,24.606451612903225,18.664516129032258,49.699999999999996,0,1,10525,124724,11226.0
5.3,2022,8,Hampden,24.406451612903226,19.067741935483873,50.9,0,1,11365,145398,10525.0
4.3,2022,9,Hampden,17.576666666666664,13.243333333333334,168.3,0,0,11119,118583,11365.0
4.3,2022,10,Hampden,11.883870967741935,7.329032258064517,114.0,0,0,12598,151991,11119.0
4.2,2022,11,Hampden,7.4366666666666665,3.216666666666667,74.2,1,0,12485,152360,12598.0
4.4,2022,12,Hampden,0.9483870967741936,-3.3354838709677415,105.7,1,0,11718,114695,12485.0
5.1,2023,1,Hampden,2.138709677419355,-1.3838709677419356,143.4,1,0,10942,153784,11718.0
5.2,2023,2,Hampden,0.925,-4.035714285714286,47.1,1,0,9952,126164,10942.0
4.6,2023,3,Hampden,3.4935483870967743,-1.2580645161290323,110.0,1,0,11038,132153,9952.0
3.6,2023,4,Hampden,10.836666666666668,5.183333333333334,110.60000000000001,0,0,10793,143594,11038.0
4.1,2023,5,Hampden,14.651612903225805,7.932258064516129,70.39999999999999,0,0,11431,162719,10793.0
4.4,2023,6,Hampden,18.95,13.68,92.80000000000001,0,1,12069,153365,11431.0
4.7,2023,7,Hampden,23.448387096774194,18.848387096774193,227.9,0,1,11791,168665,12069.0
4.7,2023,8,Hampden,20.993548387096773,16.6,134.4,0,1,14495,182748,11791.0
4.1,2023,9,Hampden,18.39333333333333,14.44,238.3,0,0,13048,151532,14495.0
4.2,2023,10,Hampden,13.348387096774195,9.138709677419355,82.1,0,0,14299,201748,13048.0
4.1,2023,11,Hampden,4.096666666666667,-0.13666666666666666,40.0,1,0,15674,238728,14299.0
4.6,2023,12,Hampden,3.225806451612903,-0.19032258064516125,189.70000000000002,1,0,13678,167648,15674.0
5.3,2024,1,Hampden,-0.9645161290322581,-4.516129032258065,167.2,1,0,13674,228029,13678.0
5.4,2024,2,Hampden,0.3827586206896552,-4.172413793103448,31.2,1,0,13941,194306,13674.0
5.0,2024,3,Hampden,5.116129032258065,0.5032258064516129,202.3,1,0,15673,206779,13941.0
4.3,2024,4,Hampden,9.07,3.743333333333333,104.5,0,0,14941,226184,15673.0
4.8,2024,5,Hampden,16.20967741935484,10.829032258064515,121.80000000000001,0,0,14496,218396,14941.0
5.2,2024,6,Hampden,21.596666666666668,16.09,91.1,0,1,15690,203300,14496.0
5.7,2024,7,Hampden,23.96451612903226,19.33225806451613,97.9,0,1,14518,231688,15690.0
5.5,2024,8,Hampden,21.30322580645161,16.816129032258065,137.0,0,1,15573,250220,14518.0
4.6,2024,9,Hampden,18.113333333333333,13.083333333333334,21.400000000000002,0,0,16430,225531,15573.0
4.6,2024,10,Hampden,12.309677419354838,7.387096774193548,17.1,0,0,16384,305770,16430.0
4.6,2024,11,Hampden,7.593333333333334,3.3800000000000003,60.7,1,0,16903,242403,16384.0
4.8,2024,12,Hampden,-0.17741935483870971,-3.7193548387096773,101.1,1,0,14617,203557,16903.0
5.6,2025,1,Hampden,-3.903225806451613,-7.725806451612903,49.599999999999994,1,0,16383,277693,14617.0
5.8,2025,2,Hampden,-3.1357142857142857,-7.478571428571429,78.8,1,0,14792,216606,16383.0
5.5,2025,3,Hampden,4.967741935483871,-0.3709677419354839,121.3,1,0,18537,269515,14792.0
4.9,2025,4,Hampden,9.933333333333334,4.8933333333333335,78.1,0,0,17137,294906,18537.0
5.2,2025,5,Hampden,14.974193548387097,10.583870967741936,235.9,0,0,17328,236533,17137.0
5.4,2025,6,Hampden,20.863333333333333,16.279999999999998,67.7,0,1,16815,226058,17328.0
5.9,2025,7,Hampden,24.1,19.664516129032258,126.5,0,1,15880,220932,16815.0
5.8,2025,8,Hampden,21.04516129032258,15.906451612903227,48.1,0,1,14235,226506,15880.0
5.3,2025,9,Hampden,18.466666666666665,13.783333333333333,66.9,0,0,15748,219919,14235.0
5.4,2025,11,Hampden,4.989999999999999,1.18,66.9,1,0,19446,224634,15748.0
5.6,2025,12,Hampden,-2.512903225806452,-6.690322580645161,98.7,1,0,15063,202403,19446.0
6.3,2026,1,Hampden,-4.932258064516129,-9.116129032258065,77.9,1,0,14813,186165,15063.0
6.2,2026,2,Hampden,-4.914285714285714,-10.039285714285715,47.699999999999996,1,0,15612,240268,14813.0
5.6,2026,3,Hampden,4.083870967741936,-1.1096774193548389,154.1,1,0,17330,280459,15612.0
5.0,2026,4,Hampden,15.4,8.8,4.7,0,0,16650,250973,17330.0
6.2,2021,2,Hampshire,-3.1607142857142856,-8.017857142857142,81.5,1,0,27918,208421,28154.0
5.6,2021,3,Hampshire,3.3,-2.6838709677419357,67.4,1,0,30432,208201,27918.0
4.8,2021,4,Hampshire,8.866666666666667,3.0833333333333335,131.3,0,0,30176,186703,30432.0
4.7,2021,5,Hampshire,14.338709677419354,8.422580645161291,120.2,0,0,29750,165284,30176.0
5.4,2021,6,Hampshire,21.62,15.696666666666665,68.1,0,1,28874,170405,29750.0
5.3,2021,7,Hampshire,21.067741935483873,17.258064516129032,262.3,0,1,29550,151673,28874.0
4.8,2021,8,Hampshire,23.04516129032258,18.59032258064516,159.9,0,1,28813,162928,29550.0
4.1,2021,9,Hampshire,18.15666666666667,13.753333333333334,211.4,0,0,28361,194433,28813.0
3.9,2021,10,Hampshire,13.541935483870969,9.774193548387096,119.6,0,0,29331,238063,28361.0
3.3,2021,11,Hampshire,4.633333333333334,0.5066666666666666,58.3,1,0,30245,221912,29331.0
3.3,2021,12,Hampshire,2.2096774193548385,-1.2967741935483872,80.3,1,0,30354,206058,30245.0
4.1,2022,1,Hampshire,-4.893548387096774,-9.82258064516129,70.7,1,0,28162,178342,30354.0
3.8,2022,2,Hampshire,-1.1392857142857142,-6.910714285714286,116.3,1,0,26215,169086,28162.0
3.5,2022,3,Hampshire,3.167741935483871,-3.0258064516129033,101.6,1,0,30267,171817,26215.0
3.0,2022,4,Hampshire,8.346666666666668,2.9633333333333334,117.89999999999999,0,0,29996,173005,30267.0
3.4,2022,5,Hampshire,16.551612903225806,10.37741935483871,66.1,0,0,30711,154978,29996.0
3.9,2022,6,Hampshire,19.946666666666665,13.733333333333333,63.4,0,1,31240,149166,30711.0
3.9,2022,7,Hampshire,24.470967741935485,18.112903225806452,86.1,0,1,30074,173888,31240.0
4.0,2022,8,Hampshire,23.993548387096773,18.448387096774194,83.8,0,1,30795,167177,30074.0
3.2,2022,9,Hampshire,17.086666666666666,12.713333333333333,175.4,0,0,29730,138507,30795.0
3.4,2022,10,Hampshire,11.338709677419354,6.619354838709677,96.3,0,0,31469,190553,29730.0
3.1,2022,11,Hampshire,6.946666666666667,2.8233333333333333,131.9,1,0,25439,186709,31469.0
3.2,2022,12,Hampshire,0.43548387096774194,-3.664516129032258,119.5,1,0,27462,152197,25439.0
4.0,2023,1,Hampshire,1.4064516129032258,-2.1193548387096777,157.29999999999998,1,0,22193,179737,27462.0
3.8,2023,2,Hampshire,0.17142857142857157,-4.989285714285714,53.1,1,0,22469,148933,22193.0
3.2,2023,3,Hampshire,2.903225806451613,-2.032258064516129,113.4,1,0,25692,175158,22469.0
2.3,2023,4,Hampshire,10.336666666666668,4.53,123.80000000000001,0,0,27946,180794,25692.0
2.8,2023,5,Hampshire,14.458064516129031,7.712903225806452,56.8,0,0,29226,184120,27946.0
3.5,2023,6,Hampshire,18.703333333333333,13.393333333333334,141.9,0,1,28650,172745,29226.0
3.4,2023,7,Hampshire,22.73225806451613,18.27741935483871,261.8,0,1,28350,186627,28650.0
3.6,2023,8,Hampshire,20.438709677419357,16.038709677419355,169.70000000000002,0,1,25147,207890,28350.0
3.1,2023,9,Hampshire,17.896666666666665,13.879999999999999,240.10000000000002,0,0,23864,162649,25147.0
3.2,2023,10,Hampshire,12.709677419354838,8.448387096774193,93.2,0,0,26405,240908,23864.0
3.0,2023,11,Hampshire,3.4766666666666666,-0.7533333333333333,55.7,1,0,29978,229756,26405.0
3.3,2023,12,Hampshire,2.732258064516129,-0.7064516129032258,187.0,1,0,30399,185755,29978.0
3.9,2024,1,Hampshire,-1.7193548387096773,-5.238709677419355,181.79999999999998,1,0,24979,227817,30399.0
4.0,2024,2,Hampshire,0.09655172413793105,-4.513793103448276,30.0,1,0,27558,206149,24979.0
3.6,2024,3,Hampshire,4.587096774193548,0.006451612903225755,215.6,1,0,28838,203038,27558.0
3.0,2024,4,Hampshire,8.646666666666667,3.106666666666667,108.3,0,0,28601,224613,28838.0
3.6,2024,5,Hampshire,15.938709677419356,10.422580645161291,111.0,0,0,28742,223669,28601.0
4.0,2024,6,Hampshire,21.226666666666667,15.296666666666665,116.30000000000001,0,1,29006,194851,28742.0
4.4,2024,7,Hampshire,23.596774193548388,18.69677419354839,123.0,0,1,30735,214557,29006.0
4.3,2024,8,Hampshire,20.81935483870968,16.26451612903226,163.70000000000002,0,1,32243,250582,30735.0
3.6,2024,9,Hampshire,17.566666666666666,12.493333333333334,45.3,0,0,29681,200520,32243.0
3.6,2024,10,Hampshire,11.629032258064516,6.554838709677419,31.1,0,0,35694,246247,29681.0
3.7,2024,11,Hampshire,6.84,2.356666666666667,75.1,1,0,30076,236664,35694.0
3.7,2024,12,Hampshire,-1.025806451612903,-4.706451612903226,109.10000000000001,1,0,29470,222267,30076.0
4.1,2025,1,Hampshire,-4.47741935483871,-8.551612903225807,51.7,1,0,24356,248499,29470.0
4.3,2025,2,Hampshire,-3.853571428571428,-9.014285714285714,90.2,1,0,22158,215586,24356.0
4.3,2025,3,Hampshire,3.9064516129032256,-1.8129032258064517,114.0,1,0,23578,230787,22158.0
3.7,2025,4,Hampshire,9.45,3.95,97.89999999999999,0,0,23551,247096,23578.0
4.1,2025,5,Hampshire,14.412903225806453,9.98709677419355,238.6,0,0,24327,221883,23551.0
4.0,2025,6,Hampshire,20.220000000000002,15.276666666666667,104.5,0,1,24644,222530,24327.0
4.3,2025,7,Hampshire,23.690322580645162,18.770967741935483,157.2,0,1,23309,224562,24644.0
4.3,2025,8,Hampshire,20.532258064516128,14.96774193548387,58.599999999999994,0,1,24868,245196,23309.0
4.2,2025,9,Hampshire,17.759999999999998,12.576666666666666,110.8,0,0,25380,258184,24868.0
4.5,2025,11,Hampshire,4.343333333333334,0.2699999999999999,57.5,1,0,27895,227863,25380.0
4.5,2025,12,Hampshire,-3.3419354838709676,-7.835483870967742,90.1,1,0,25348,240506,27895.0
4.9,2026,1,Hampshire,-5.661290322580645,-10.325806451612904,76.1,1,0,23362,199890,25348.0
4.8,2026,2,Hampshire,-5.132142857142857,-10.417857142857143,41.6,1,0,23610,207100,23362.0
4.1,2026,3,Hampshire,3.206451612903226,-2.4419354838709677,117.7,1,0,24815,230143,23610.0
3.8,2026,4,Hampshire,14.3,7.2,6.3,0,0,25982,239224,24815.0
9.8,2021,2,Holyoke,-2.6107142857142853,-7.496428571428572,89.1,1,0,9139,49341,9052.0
9.1,2021,3,Holyoke,3.838709677419355,-1.867741935483871,83.7,1,0,9148,61962,9139.0
8.3,2021,4,Holyoke,9.143333333333334,3.4,120.8,0,0,9817,61898,9148.0
8.5,2021,5,Holyoke,14.625806451612902,8.864516129032259,138.1,0,0,11707,66452,9817.0
9.2,2021,6,Holyoke,21.886666666666667,16.1,68.0,0,1,9687,60599,11707.0
8.6,2021,7,Holyoke,21.567741935483873,17.816129032258065,225.9,0,1,11301,54952,9687.0
8.0,2021,8,Holyoke,23.299999999999997,19.041935483870965,129.0,0,1,13012,57001,11301.0
7.0,2021,9,Holyoke,18.663333333333334,14.376666666666667,212.3,0,0,11658,60814,13012.0
6.3,2021,10,Holyoke,13.970967741935485,10.112903225806452,113.6,0,0,11202,65742,11658.0
5.5,2021,11,Holyoke,5.003333333333333,0.84,52.4,1,0,14838,50557,11202.0
5.2,2021,12,Holyoke,2.7806451612903227,-0.8645161290322579,70.7,1,0,13911,57325,14838.0
6.0,2022,1,Holyoke,-4.219354838709677,-9.067741935483872,78.8,1,0,9758,41201,13911.0
6.0,2022,2,Holyoke,-0.5178571428571429,-6.214285714285714,113.2,1,0,11159,51365,9758.0
5.0,2022,3,Holyoke,3.9064516129032256,-2.0161290322580645,98.3,1,0,11103,56466,11159.0
4.9,2022,4,Holyoke,8.743333333333334,3.3633333333333337,112.0,0,0,9261,59543,11103.0
5.0,2022,5,Holyoke,16.741935483870968,10.929032258064517,49.6,0,0,9434,56008,9261.0
5.5,2022,6,Holyoke,20.029999999999998,14.06,106.7,0,1,8521,53915,9434.0
5.9,2022,7,Holyoke,24.606451612903225,18.664516129032258,49.699999999999996,0,1,8406,50174,8521.0
6.0,2022,8,Holyoke,24.406451612903226,19.067741935483873,50.9,0,1,10293,50944,8406.0
5.0,2022,9,Holyoke,17.576666666666664,13.243333333333334,168.3,0,0,9180,47434,10293.0
4.9,2022,10,Holyoke,11.883870967741935,7.329032258064517,114.0,0,0,10337,65477,9180.0
4.8,2022,11,Holyoke,7.4366666666666665,3.216666666666667,74.2,1,0,10365,50481,10337.0
4.9,2022,12,Holyoke,0.9483870967741936,-3.3354838709677415,105.7,1,0,9805,54605,10365.0
5.2,2023,1,Holyoke,2.138709677419355,-1.3838709677419356,143.4,1,0,10698,56256,9805.0
5.4,2023,2,Holyoke,0.925,-4.035714285714286,47.1,1,0,8485,47026,10698.0
4.7,2023,3,Holyoke,3.4935483870967743,-1.2580645161290323,110.0,1,0,8650,44272,8485.0
3.7,2023,4,Holyoke,10.836666666666668,5.183333333333334,110.60000000000001,0,0,8775,55661,8650.0
4.4,2023,5,Holyoke,14.651612903225805,7.932258064516129,70.39999999999999,0,0,10190,62357,8775.0
4.9,2023,6,Holyoke,18.95,13.68,92.80000000000001,0,1,11420,56877,10190.0
5.3,2023,7,Holyoke,23.448387096774194,18.848387096774193,227.9,0,1,10831,60049,11420.0
5.5,2023,8,Holyoke,20.993548387096773,16.6,134.4,0,1,12279,59005,10831.0
4.9,2023,9,Holyoke,18.39333333333333,14.44,238.3,0,0,12145,48882,12279.0
4.7,2023,10,Holyoke,13.348387096774195,9.138709677419355,82.1,0,0,14085,85661,12145.0
4.9,2023,11,Holyoke,4.096666666666667,-0.13666666666666666,40.0,1,0,15297,87633,14085.0
5.4,2023,12,Holyoke,3.225806451612903,-0.19032258064516125,189.70000000000002,1,0,11269,55829,15297.0
5.7,2024,1,Holyoke,-0.9645161290322581,-4.516129032258065,167.2,1,0,12398,67174,11269.0
5.9,2024,2,Holyoke,0.3827586206896552,-4.172413793103448,31.2,1,0,13749,84200,12398.0
5.3,2024,3,Holyoke,5.116129032258065,0.5032258064516129,202.3,1,0,13960,71764,13749.0
5.0,2024,4,Holyoke,9.07,3.743333333333333,104.5,0,0,13369,89399,13960.0
5.4,2024,5,Holyoke,16.20967741935484,10.829032258064515,121.80000000000001,0,0,16657,85315,13369.0
5.9,2024,6,Holyoke,21.596666666666668,16.09,91.1,0,1,15682,66596,16657.0
6.6,2024,7,Holyoke,23.96451612903226,19.33225806451613,97.9,0,1,15323,83113,15682.0
6.4,2024,8,Holyoke,21.30322580645161,16.816129032258065,137.0,0,1,16338,90743,15323.0
5.5,2024,9,Holyoke,18.113333333333333,13.083333333333334,21.400000000000002,0,0,16961,67470,16338.0
5.5,2024,10,Holyoke,12.309677419354838,7.387096774193548,17.1,0,0,18269,109266,16961.0
5.4,2024,11,Holyoke,7.593333333333334,3.3800000000000003,60.7,1,0,17860,98114,18269.0
5.2,2024,12,Holyoke,-0.17741935483870971,-3.7193548387096773,101.1,1,0,16465,55841,17860.0
5.8,2025,1,Holyoke,-3.903225806451613,-7.725806451612903,49.599999999999994,1,0,15997,77968,16465.0
6.0,2025,2,Holyoke,-3.1357142857142857,-7.478571428571429,78.8,1,0,14346,80129,15997.0
5.7,2025,3,Holyoke,4.967741935483871,-0.3709677419354839,121.3,1,0,16708,85484,14346.0
5.3,2025,4,Holyoke,9.933333333333334,4.8933333333333335,78.1,0,0,16723,86692,16708.0
5.7,2025,5,Holyoke,14.974193548387097,10.583870967741936,235.9,0,0,17346,83630,16723.0
5.9,2025,6,Holyoke,20.863333333333333,16.279999999999998,67.7,0,1,18061,64186,17346.0
6.7,2025,7,Holyoke,24.1,19.664516129032258,126.5,0,1,17939,78756,18061.0
6.7,2025,8,Holyoke,21.04516129032258,15.906451612903227,48.1,0,1,17599,78467,17939.0
6.0,2025,9,Holyoke,18.466666666666665,13.783333333333333,66.9,0,0,17647,93090,17599.0
6.1,2025,11,Holyoke,4.989999999999999,1.18,66.9,1,0,11635,92861,17647.0
6.0,2025,12,Holyoke,-2.512903225806452,-6.690322580645161,98.7,1,0,9157,68215,11635.0
6.8,2026,1,Holyoke,-4.932258064516129,-9.116129032258065,77.9,1,0,9056,78916,9157.0
6.5,2026,2,Holyoke,-4.914285714285714,-10.039285714285715,47.699999999999996,1,0,7610,79444,9056.0
5.9,2026,3,Holyoke,4.083870967741936,-1.1096774193548389,154.1,1,0,7531,80672,7610.0
5.6,2026,4,Holyoke,15.4,8.8,4.7,0,0,8047,90395,7531.0
10.8,2021,2,Springfield,-2.6107142857142853,-7.496428571428572,89.1,1,0,26433,360665,31067.0
9.9,2021,3,Springfield,3.838709677419355,-1.867741935483871,83.7,1,0,28191,298192,26433.0
9.5,2021,4,Springfield,9.143333333333334,3.4,120.8,0,0,30668,287139,28191.0
9.6,2021,5,Springfield,14.625806451612902,8.864516129032259,138.1,0,0,28397,304238,30668.0
10.5,2021,6,Springfield,21.886666666666667,16.1,68.0,0,1,29202,270999,28397.0
9.9,2021,7,Springfield,21.567741935483873,17.816129032258065,225.9,0,1,31131,261797,29202.0
8.9,2021,8,Springfield,23.299999999999997,19.041935483870965,129.0,0,1,13848,309760,31131.0
7.9,2021,9,Springfield,18.663333333333334,14.376666666666667,212.3,0,0,15832,230386,13848.0
7.1,2021,10,Springfield,13.970967741935485,10.112903225806452,113.6,0,0,13863,205398,15832.0
6.1,2021,11,Springfield,5.003333333333333,0.84,52.4,1,0,15148,188421,13863.0
6.0,2021,12,Springfield,2.7806451612903227,-0.8645161290322579,70.7,1,0,14652,175992,15148.0
6.7,2022,1,Springfield,-4.219354838709677,-9.067741935483872,78.8,1,0,14055,203854,14652.0
6.3,2022,2,Springfield,-0.5178571428571429,-6.214285714285714,113.2,1,0,13689,177629,14055.0
5.6,2022,3,Springfield,3.9064516129032256,-2.0161290322580645,98.3,1,0,18209,231168,13689.0
5.4,2022,4,Springfield,8.743333333333334,3.3633333333333337,112.0,0,0,18142,268793,18209.0
5.7,2022,5,Springfield,16.741935483870968,10.929032258064517,49.6,0,0,19296,257523,18142.0
6.5,2022,6,Springfield,20.029999999999998,14.06,106.7,0,1,19998,259854,19296.0
7.0,2022,7,Springfield,24.606451612903225,18.664516129032258,49.699999999999996,0,1,17575,267805,19998.0
7.2,2022,8,Springfield,24.406451612903226,19.067741935483873,50.9,0,1,17161,267632,17575.0
5.9,2022,9,Springfield,17.576666666666664,13.243333333333334,168.3,0,0,19977,250362,17161.0
5.6,2022,10,Springfield,11.883870967741935,7.329032258064517,114.0,0,0,20277,300644,19977.0
5.5,2022,11,Springfield,7.4366666666666665,3.216666666666667,74.2,1,0,22468,265713,20277.0
5.5,2022,12,Springfield,0.9483870967741936,-3.3354838709677415,105.7,1,0,19402,225086,22468.0
6.1,2023,1,Springfield,2.138709677419355,-1.3838709677419356,143.4,1,0,17480,284979,19402.0
6.1,2023,2,Springfield,0.925,-4.035714285714286,47.1,1,0,16168,233722,17480.0
5.3,2023,3,Springfield,3.4935483870967743,-1.2580645161290323,110.0,1,0,19829,280955,16168.0
4.5,2023,4,Springfield,10.836666666666668,5.183333333333334,110.60000000000001,0,0,20937,274452,19829.0
5.2,2023,5,Springfield,14.651612903225805,7.932258064516129,70.39999999999999,0,0,21214,297085,20937.0
5.7,2023,6,Springfield,18.95,13.68,92.80000000000001,0,1,22263,264794,21214.0
6.3,2023,7,Springfield,23.448387096774194,18.848387096774193,227.9,0,1,21105,298906,22263.0
6.2,2023,8,Springfield,20.993548387096773,16.6,134.4,0,1,22773,314498,21105.0
5.4,2023,9,Springfield,18.39333333333333,14.44,238.3,0,0,23185,261305,22773.0
5.4,2023,10,Springfield,13.348387096774195,9.138709677419355,82.1,0,0,24744,334914,23185.0
5.3,2023,11,Springfield,4.096666666666667,-0.13666666666666666,40.0,1,0,25412,342202,24744.0
5.7,2023,12,Springfield,3.225806451612903,-0.19032258064516125,189.70000000000002,1,0,22560,281090,25412.0
6.3,2024,1,Springfield,-0.9645161290322581,-4.516129032258065,167.2,1,0,24099,368039,22560.0
6.3,2024,2,Springfield,0.3827586206896552,-4.172413793103448,31.2,1,0,26385,353758,24099.0
5.8,2024,3,Springfield,5.116129032258065,0.5032258064516129,202.3,1,0,28033,344523,26385.0
5.5,2024,4,Springfield,9.07,3.743333333333333,104.5,0,0,27132,379088,28033.0
6.2,2024,5,Springfield,16.20967741935484,10.829032258064515,121.80000000000001,0,0,27327,413494,27132.0
6.8,2024,6,Springfield,21.596666666666668,16.09,91.1,0,1,24618,305152,27327.0
7.6,2024,7,Springfield,23.96451612903226,19.33225806451613,97.9,0,1,23050,355455,24618.0
7.2,2024,8,Springfield,21.30322580645161,16.816129032258065,137.0,0,1,22194,361312,23050.0
6.2,2024,9,Springfield,18.113333333333333,13.083333333333334,21.400000000000002,0,0,25059,352944,22194.0
6.0,2024,10,Springfield,12.309677419354838,7.387096774193548,17.1,0,0,28915,422307,25059.0
5.8,2024,11,Springfield,7.593333333333334,3.3800000000000003,60.7,1,0,29987,401371,28915.0
5.9,2024,12,Springfield,-0.17741935483870971,-3.7193548387096773,101.1,1,0,21356,300971,29987.0
6.5,2025,1,Springfield,-3.903225806451613,-7.725806451612903,49.599999999999994,1,0,25264,397506,21356.0
6.6,2025,2,Springfield,-3.1357142857142857,-7.478571428571429,78.8,1,0,24146,339918,25264.0
6.3,2025,3,Springfield,4.967741935483871,-0.3709677419354839,121.3,1,0,27088,347533,24146.0
6.2,2025,4,Springfield,9.933333333333334,4.8933333333333335,78.1,0,0,26527,380973,27088.0
6.6,2025,5,Springfield,14.974193548387097,10.583870967741936,235.9,0,0,25709,339067,26527.0
7.1,2025,6,Springfield,20.863333333333333,16.279999999999998,67.7,0,1,24985,344086,25709.0
8.0,2025,7,Springfield,24.1,19.664516129032258,126.5,0,1,25939,340447,24985.0
7.8,2025,8,Springfield,21.04516129032258,15.906451612903227,48.1,0,1,24904,348737,25939.0
7.1,2025,9,Springfield,18.466666666666665,13.783333333333333,66.9,0,0,26759,380401,24904.0
7.0,2025,11,Springfield,4.989999999999999,1.18,66.9,1,0,36708,393710,26759.0
6.9,2025,12,Springfield,-2.512903225806452,-6.690322580645161,98.7,1,0,23167,310655,36708.0
7.5,2026,1,Springfield,-4.932258064516129,-9.116129032258065,77.9,1,0,26655,297465,23167.0
7.3,2026,2,Springfield,-4.914285714285714,-10.039285714285715,47.699999999999996,1,0,28444,353215,26655.0
6.6,2026,3,Springfield,4.083870967741936,-1.1096774193548389,154.1,1,0,30263,368952,28444.0
6.5,2026,4,Springfield,15.4,8.8,4.7,0,0,31699,402343,30263.0
